"sqldate","verbal_coop","material_coop","verbal_conf","material_conf"
"20110101","613","108","466","590"
"20110102","708","72","445","520"
"20110103","661","104","363","324"
"20110104","621","53","291","247"
"20110105","527","72","180","155"
"20110106","809","73","198","156"
"20110107","457","62","175","164"
"20110108","235","34","94","70"
"20110109","248","35","68","95"
"20110110","344","47","100","66"
"20110111","353","34","127","307"
"20110112","358","54","140","195"
"20110113","330","31","106","124"
"20110114","297","33","108","77"
"20110115","229","38","81","25"
"20110116","534","37","157","281"
"20110117","472","61","192","207"
"20110118","587","58","233","176"
"20110119","314","33","72","42"
"20110120","119","11","16","20"
"20110121","40","1","11","14"
"20110122","424","33","105","78"
"20110123","482","55","257","155"
"20110124","716","62","222","166"
"20110125","922","108","672","492"
"20110126","1651","371","1189","920"
"20110127","1442","228","944","801"
"20110128","4102","753","1840","1910"
"20110129","4435","755","1847","1603"
"20110130","5086","839","1619","1539"
"20110131","5222","992","1558","1253"
"20110201","7461","1186","2153","1523"
"20110202","6150","1075","2316","1522"
"20110203","5543","957","1982","1767"
"20110204","5716","1060","2011","1397"
"20110205","4080","798","1279","940"
"20110206","3740","589","993","744"
"20110207","3247","693","1075","797"
"20110208","2275","483","772","445"
"20110209","2872","537","1204","686"
"20110210","3660","997","1281","832"
"20110211","7219","1989","2431","1316"
"20110212","4880","1126","1810","1006"
"20110213","3246","697","1028","780"
"20110214","3035","619","1191","675"
"20110215","2650","538","824","734"
"20110216","2249","447","881","757"
"20110217","1435","297","482","391"
"20110218","206","56","76","37"
"20110219","2589","562","982","1012"
"20110220","1343","244","553","423"
"20110221","2165","311","690","522"
"20110222","2601","498","720","609"
"20110223","2248","521","684","775"
"20110224","1436","276","507","548"
"20110225","1458","263","385","352"
"20110226","939","189","296","267"
"20110227","985","242","320","351"
"20110228","1065","318","378","363"
"20110301","1045","229","333","296"
"20110302","1431","306","377","318"
"20110303","1643","425","340","379"
"20110304","1310","318","338","257"
"20110305","956","186","292","388"
"20110306","956","193","219","315"
"20110307","1199","250","345","237"
"20110308","1186","194","348","369"
"20110309","1615","273","420","576"
"20110310","1409","240","366","342"
"20110311","1005","205","293","234"
"20110312","1141","144","180","146"
"20110313","901","113","164","152"
"20110314","1064","127","193","181"
"20110315","1268","193","264","218"
"20110316","1372","206","332","271"
"20110317","950","186","186","213"
"20110318","871","150","248","279"
"20110319","880","185","206","180"
"20110320","958","198","293","239"
"20110321","1618","302","405","371"
"20110322","1809","356","499","507"
"20110323","904","206","238","230"
"20110324","866","154","243","251"
"20110325","612","122","159","175"
"20110326","441","59","97","118"
"20110327","602","81","121","110"
"20110328","788","110","153","166"
"20110329","887","116","181","199"
"20110330","494","107","141","95"
"20110331","734","144","161","122"
"20110401","870","154","298","247"
"20110402","870","179","199","300"
"20110403","671","147","225","194"
"20110404","604","158","144","191"
"20110405","568","139","155","145"
"20110406","641","127","246","188"
"20110407","627","124","195","168"
"20110408","572","144","319","224"
"20110409","656","162","354","442"
"20110410","873","174","370","288"
"20110411","918","168","299","295"
"20110412","848","225","329","336"
"20110413","1099","317","392","516"
"20110414","996","173","292","300"
"20110415","744","140","215","220"
"20110416","453","120","112","152"
"20110417","517","155","159","166"
"20110418","788","150","223","182"
"20110419","610","119","233","183"
"20110420","650","96","200","148"
"20110421","730","179","193","198"
"20110422","574","90","182","208"
"20110423","473","72","132","156"
"20110424","474","104","128","125"
"20110425","581","101","159","157"
"20110426","681","105","183","207"
"20110427","833","171","234","251"
"20110428","937","162","194","182"
"20110429","820","139","196","161"
"20110430","584","93","210","166"
"20110501","965","140","248","160"
"20110502","1026","145","333","271"
"20110503","1306","145","263","239"
"20110504","1108","138","233","164"
"20110505","1683","362","433","616"
"20110506","782","130","252","211"
"20110507","511","84","143","253"
"20110508","951","147","310","773"
"20110509","797","122","374","560"
"20110510","1878","405","533","754"
"20110511","643","112","177","234"
"20110512","559","116","180","210"
"20110513","623","126","211","262"
"20110514","337","79","111","136"
"20110515","515","67","131","182"
"20110516","370","62","94","111"
"20110517","626","246","171","148"
"20110518","756","236","233","200"
"20110519","972","221","280","253"
"20110520","741","140","194","126"
"20110521","500","118","188","98"
"20110522","240","54","40","46"
"20110523","391","69","97","133"
"20110524","694","141","205","257"
"20110525","466","94","107","137"
"20110526","735","233","208","207"
"20110527","756","156","263","236"
"20110528","885","215","203","272"
"20110529","720","258","169","205"
"20110530","795","216","183","212"
"20110531","469","83","193","153"
"20110601","487","86","138","186"
"20110602","427","72","116","108"
"20110603","436","117","122","164"
"20110604","418","121","140","250"
"20110605","552","110","165","163"
"20110606","573","111","220","170"
"20110607","429","78","109","114"
"20110608","407","80","120","86"
"20110609","412","85","98","88"
"20110610","385","88","100","130"
"20110611","243","50","57","62"
"20110612","606","204","151","118"
"20110613","636","218","171","223"
"20110614","731","204","208","192"
"20110615","597","158","162","160"
"20110616","339","82","76","146"
"20110617","1078","242","305","357"
"20110618","566","144","145","162"
"20110619","702","148","146","125"
"20110620","634","117","146","159"
"20110621","462","101","125","141"
"20110622","594","149","152","147"
"20110623","691","189","194","204"
"20110624","520","98","122","150"
"20110625","454","122","112","202"
"20110626","527","133","132","204"
"20110627","512","112","150","175"
"20110628","455","93","153","225"
"20110629","632","114","302","428"
"20110630","671","152","211","309"
"20110701","588","154","251","223"
"20110702","308","45","116","158"
"20110703","395","85","89","90"
"20110704","555","153","147","194"
"20110705","619","265","168","242"
"20110706","468","154","192","164"
"20110707","548","120","244","213"
"20110708","475","116","268","250"
"20110709","370","97","196","201"
"20110710","325","101","227","208"
"20110711","489","117","196","148"
"20110712","637","221","268","231"
"20110713","1550","381","522","501"
"20110714","1320","289","420","379"
"20110715","444","87","235","104"
"20110716","411","108","132","64"
"20110717","651","239","258","184"
"20110718","589","134","230","152"
"20110719","558","105","197","115"
"20110720","422","108","116","83"
"20110721","483","165","203","117"
"20110722","459","81","187","91"
"20110723","425","81","240","218"
"20110724","496","66","225","230"
"20110725","480","89","207","178"
"20110726","531","130","147","111"
"20110727","586","80","187","142"
"20110728","502","103","142","235"
"20110729","623","123","247","281"
"20110730","321","61","110","276"
"20110731","496","117","146","200"
"20110801","519","111","168","222"
"20110802","587","136","184","319"
"20110803","1435","228","401","667"
"20110804","1398","379","474","707"
"20110805","702","151","258","364"
"20110806","304","40","81","73"
"20110807","458","87","126","125"
"20110808","472","86","160","119"
"20110809","486","62","159","95"
"20110810","585","61","145","100"
"20110811","523","126","135","136"
"20110812","506","113","105","179"
"20110813","302","41","109","127"
"20110814","346","142","224","250"
"20110815","1036","133","320","379"
"20110816","566","161","161","233"
"20110817","687","151","199","225"
"20110818","944","200","298","756"
"20110819","753","143","349","671"
"20110820","1105","176","436","728"
"20110821","1095","127","421","450"
"20110822","1036","182","279","326"
"20110823","570","130","183","213"
"20110824","504","128","176","285"
"20110825","552","95","157","246"
"20110826","508","85","159","194"
"20110827","562","61","107","179"
"20110828","870","116","168","199"
"20110829","520","88","114","241"
"20110830","406","70","99","159"
"20110831","339","68","107","91"
"20110901","438","56","112","74"
"20110902","239","54","103","58"
"20110903","226","54","67","57"
"20110904","382","70","137","150"
"20110905","740","83","291","414"
"20110906","731","67","136","174"
"20110907","1105","127","205","188"
"20110908","906","103","208","160"
"20110909","951","95","344","362"
"20110910","1790","252","506","802"
"20110911","1622","198","367","499"
"20110912","1784","159","290","347"
"20110913","1850","159","216","230"
"20110914","1284","124","199","217"
"20110915","1106","111","173","226"
"20110916","921","96","245","221"
"20110917","438","35","113","90"
"20110918","687","98","130","177"
"20110919","871","105","152","167"
"20110920","780","113","171","158"
"20110921","576","71","135","100"
"20110922","493","69","154","96"
"20110923","608","99","133","94"
"20110924","365","44","117","114"
"20110925","391","49","101","105"
"20110926","520","74","119","119"
"20110927","501","101","158","138"
"20110928","486","100","183","162"
"20110929","331","66","135","131"
"20110930","102","3","24","18"
"20111001","83","8","22","4"
"20111002","572","62","141","124"
"20111003","439","79","142","121"
"20111004","666","148","197","190"
"20111005","277","63","105","90"
"20111006","62","4","15","11"
"20111007","464","79","151","117"
"20111008","181","49","85","83"
"20111009","604","73","294","415"
"20111010","645","82","265","466"
"20111011","1047","311","486","522"
"20111012","1005","245","317","312"
"20111013","718","176","265","252"
"20111014","617","103","170","169"
"20111015","576","80","124","186"
"20111016","800","146","198","230"
"20111017","928","219","187","227"
"20111018","1428","613","146","316"
"20111019","719","128","114","125"
"20111020","591","146","145","146"
"20111021","480","104","124","155"
"20111022","328","110","76","130"
"20111023","413","117","88","115"
"20111024","673","219","179","132"
"20111025","914","269","277","195"
"20111026","752","150","224","205"
"20111027","978","350","255","347"
"20111028","468","146","120","209"
"20111029","365","87","120","113"
"20111030","571","124","200","189"
"20111031","624","98","204","201"
"20111101","684","65","167","169"
"20111102","864","146","171","147"
"20111103","943","198","257","174"
"20111104","653","139","122","136"
"20111105","366","111","84","53"
"20111106","288","64","71","87"
"20111107","446","57","68","105"
"20111108","403","65","76","93"
"20111109","537","52","110","80"
"20111110","467","77","100","114"
"20111111","627","58","112","139"
"20111112","809","75","161","138"
"20111113","601","80","236","238"
"20111114","842","104","281","228"
"20111115","670","75","154","115"
"20111116","614","127","174","116"
"20111117","589","82","230","184"
"20111118","574","95","282","133"
"20111119","594","98","334","538"
"20111120","1295","289","556","953"
"20111121","1290","300","565","647"
"20111122","2242","496","893","981"
"20111123","2214","564","867","980"
"20111124","1977","601","718","783"
"20111125","1717","517","714","520"
"20111126","1329","309","583","467"
"20111127","1410","245","554","404"
"20111128","1296","243","431","383"
"20111129","863","186","300","266"
"20111130","751","138","243","309"
"20111201","575","130","171","186"
"20111202","484","104","135","134"
"20111203","570","94","98","108"
"20111204","489","97","122","141"
"20111205","477","61","117","79"
"20111206","664","138","202","136"
"20111207","615","165","218","105"
"20111208","449","87","111","138"
"20111209","313","40","102","108"
"20111210","381","42","77","85"
"20111211","477","70","97","81"
"20111212","404","59","93","103"
"20111213","507","59","81","91"
"20111214","584","80","164","168"
"20111215","345","60","121","100"
"20111216","641","150","310","344"
"20111217","613","125","245","380"
"20111218","739","98","223","329"
"20111219","987","175","324","430"
"20111220","775","142","311","352"
"20111221","604","88","250","174"
"20111222","590","126","153","120"
"20111223","600","107","265","166"
"20111224","407","107","137","58"
"20111225","792","135","165","136"
"20111226","804","142","201","140"
"20111227","892","168","337","296"
"20111228","720","138","207","236"
"20111229","688","353","222","258"
"20111230","747","339","268","379"
"20111231","640","225","215","342"
"20120101","516","144","191","157"
"20120102","755","226","191","185"
"20120103","991","214","250","190"
"20120104","836","141","207","130"
"20120105","1013","211","264","252"
"20120106","621","104","229","171"
"20120107","580","69","141","117"
"20120108","881","107","127","154"
"20120109","1824","331","492","450"
"20120110","1401","299","446","414"
"20120111","1004","222","260","252"
"20120112","653","140","146","119"
"20120113","407","108","133","74"
"20120114","376","115","102","88"
"20120115","596","133","192","109"
"20120116","690","140","161","105"
"20120117","756","106","152","149"
"20120118","653","91","141","138"
"20120119","599","104","128","143"
"20120120","541","99","139","104"
"20120121","548","105","76","102"
"20120122","223","41","29","12"
"20120123","390","104","93","52"
"20120124","1151","283","230","180"
"20120125","2679","691","904","608"
"20120126","1118","319","329","425"
"20120127","792","224","277","254"
"20120128","594","168","221","205"
"20120129","851","170","235","209"
"20120130","976","261","217","236"
"20120131","666","197","201","223"
"20120201","731","207","131","175"
"20120202","497","75","113","192"
"20120203","99","17","31","63"
"20120204","513","167","289","260"
"20120205","602","215","200","248"
"20120206","868","206","233","291"
"20120207","666","152","214","305"
"20120208","705","236","247","204"
"20120209","809","135","150","178"
"20120210","795","154","201","191"
"20120211","946","195","232","240"
"20120212","1486","160","293","226"
"20120213","945","177","221","167"
"20120214","856","188","227","136"
"20120215","602","125","225","108"
"20120216","552","93","197","108"
"20120217","551","101","138","110"
"20120218","476","89","111","117"
"20120219","596","91","112","166"
"20120220","946","131","177","186"
"20120221","555","91","127","107"
"20120222","774","105","183","201"
"20120223","666","124","133","146"
"20120224","643","81","158","112"
"20120225","542","91","134","139"
"20120226","822","179","213","210"
"20120227","477","100","148","115"
"20120228","562","146","166","165"
"20120229","980","307","199","407"
"20120301","878","324","220","289"
"20120302","586","180","165","201"
"20120303","436","129","222","151"
"20120304","344","97","120","86"
"20120305","681","93","158","98"
"20120306","489","82","121","103"
"20120307","490","100","131","101"
"20120308","865","154","225","151"
"20120309","683","99","161","152"
"20120310","1305","98","230","260"
"20120311","976","189","302","272"
"20120312","872","123","196","248"
"20120313","729","134","141","225"
"20120314","527","92","105","87"
"20120315","493","112","81","107"
"20120316","520","126","86","103"
"20120317","586","89","162","164"
"20120318","1020","109","194","186"
"20120319","889","206","184","222"
"20120320","773","84","157","151"
"20120321","513","77","107","165"
"20120322","599","120","112","86"
"20120323","602","114","121","130"
"20120324","361","45","90","82"
"20120325","584","98","117","67"
"20120326","653","121","194","161"
"20120327","721","112","145","141"
"20120328","580","137","148","143"
"20120329","573","99","163","126"
"20120330","171","24","40","29"
"20120331","321","80","76","74"
"20120401","408","87","94","55"
"20120402","649","119","125","92"
"20120403","622","108","111","115"
"20120404","619","64","105","132"
"20120405","758","140","129","254"
"20120406","382","66","65","68"
"20120407","437","102","116","137"
"20120408","396","87","93","117"
"20120409","652","135","214","171"
"20120410","527","96","150","128"
"20120411","380","75","89","111"
"20120412","545","139","121","169"
"20120413","408","87","150","113"
"20120414","310","94","149","151"
"20120415","510","115","169","260"
"20120416","426","106","132","162"
"20120417","510","99","171","149"
"20120418","515","92","143","127"
"20120419","755","90","142","77"
"20120420","257","50","48","25"
"20120421","355","50","70","59"
"20120422","608","108","164","88"
"20120423","869","210","200","161"
"20120424","608","113","190","215"
"20120425","582","105","123","124"
"20120426","639","116","196","128"
"20120427","602","89","186","126"
"20120428","715","83","245","250"
"20120429","750","106","238","245"
"20120430","788","80","168","153"
"20120501","526","59","149","181"
"20120502","709","153","309","329"
"20120503","649","123","240","178"
"20120504","662","92","253","320"
"20120505","619","117","234","415"
"20120506","425","115","142","186"
"20120507","568","116","162","198"
"20120508","495","87","190","171"
"20120509","503","115","148","200"
"20120510","201","16","50","31"
"20120511","726","135","174","197"
"20120512","405","96","94","143"
"20120513","436","85","70","166"
"20120514","574","93","140","146"
"20120515","470","85","128","110"
"20120516","375","90","93","105"
"20120517","444","105","133","131"
"20120518","383","48","79","59"
"20120519","381","54","106","91"
"20120520","408","85","132","86"
"20120521","583","152","132","163"
"20120522","794","178","209","226"
"20120523","1200","233","248","212"
"20120524","826","142","202","146"
"20120525","791","133","209","147"
"20120526","489","109","151","81"
"20120527","553","101","154","147"
"20120528","911","172","349","217"
"20120529","682","106","244","219"
"20120530","417","55","167","162"
"20120531","456","119","126","153"
"20120601","347","71","116","109"
"20120602","1186","358","383","729"
"20120603","874","223","369","425"
"20120604","591","107","236","243"
"20120605","697","154","230","210"
"20120606","712","166","192","234"
"20120607","82","18","41","34"
"20120608","518","96","153","115"
"20120609","319","65","121","133"
"20120610","495","79","117","154"
"20120611","563","105","150","176"
"20120612","472","126","127","126"
"20120613","553","101","212","180"
"20120614","712","138","291","198"
"20120615","807","174","320","202"
"20120616","912","206","290","191"
"20120617","963","223","357","206"
"20120618","1204","304","358","470"
"20120619","1325","219","382","387"
"20120620","1063","137","307","342"
"20120621","910","145","285","203"
"20120622","757","110","327","179"
"20120623","533","73","194","154"
"20120624","1797","242","389","307"
"20120625","1315","148","195","154"
"20120626","1239","214","232","186"
"20120627","1032","145","150","160"
"20120628","618","122","109","179"
"20120629","938","147","253","217"
"20120630","1137","150","214","178"
"20120701","846","154","140","140"
"20120702","1036","119","234","184"
"20120703","836","129","233","182"
"20120704","766","164","215","194"
"20120705","947","89","203","186"
"20120706","572","85","170","90"
"20120707","567","45","90","111"
"20120708","1176","104","254","156"
"20120709","1372","171","431","268"
"20120710","1433","148","437","184"
"20120711","877","101","286","132"
"20120712","520","73","86","66"
"20120713","961","109","177","168"
"20120714","1416","142","130","110"
"20120715","1727","221","275","194"
"20120716","1878","314","344","318"
"20120717","948","139","210","206"
"20120718","424","40","50","45"
"20120719","1090","228","177","182"
"20120720","734","119","124","107"
"20120721","470","136","71","133"
"20120722","610","121","119","149"
"20120723","481","111","99","82"
"20120724","618","163","117","86"
"20120725","435","120","75","80"
"20120726","624","121","74","48"
"20120727","502","74","72","95"
"20120728","473","53","99","62"
"20120729","441","67","109","96"
"20120730","471","99","130","65"
"20120731","915","124","122","181"
"20120801","868","157","196","230"
"20120802","284","88","80","66"
"20120803","477","80","143","143"
"20120804","461","57","147","135"
"20120805","899","75","243","466"
"20120806","1324","162","526","930"
"20120807","1154","161","351","656"
"20120808","1127","218","486","921"
"20120809","984","187","349","597"
"20120810","497","120","110","341"
"20120811","464","96","87","190"
"20120812","925","274","252","506"
"20120813","1072","275","369","388"
"20120814","983","227","261","412"
"20120815","264","49","72","101"
"20120816","618","118","253","212"
"20120817","387","58","118","134"
"20120818","633","54","98","194"
"20120819","566","83","112","169"
"20120820","445","59","112","157"
"20120821","609","121","147","214"
"20120822","713","121","122","175"
"20120823","683","173","290","199"
"20120824","688","109","224","215"
"20120825","108","18","37","52"
"20120826","895","132","183","215"
"20120827","987","147","143","160"
"20120828","1185","136","153","124"
"20120829","273","21","52","56"
"20120830","1744","215","295","215"
"20120831","578","78","152","125"
"20120901","459","77","174","151"
"20120902","661","107","129","223"
"20120903","615","119","194","155"
"20120904","188","31","55","36"
"20120905","1298","130","252","176"
"20120906","939","172","234","164"
"20120907","573","69","78","65"
"20120908","441","83","91","162"
"20120909","786","82","103","132"
"20120910","1430","102","95","98"
"20120911","1354","142","345","175"
"20120912","1466","163","965","471"
"20120913","1614","257","1271","796"
"20120914","1505","194","999","779"
"20120915","848","139","629","627"
"20120916","1084","111","556","690"
"20120917","1304","121","414","419"
"20120918","1228","116","452","465"
"20120919","1096","125","328","298"
"20120920","678","80","304","205"
"20120921","713","103","314","331"
"20120922","579","88","217","164"
"20120923","845","131","246","161"
"20120924","793","111","168","228"
"20120925","961","116","215","191"
"20120926","895","102","291","162"
"20120927","624","60","235","192"
"20120928","595","79","179","113"
"20120929","580","83","146","97"
"20120930","506","82","141","85"
"20121001","599","102","158","105"
"20121002","540","114","186","125"
"20121003","530","84","164","132"
"20121004","482","69","161","178"
"20121005","615","84","244","250"
"20121006","416","42","125","146"
"20121007","267","38","68","73"
"20121008","371","121","129","166"
"20121009","500","103","169","167"
"20121010","460","76","107","140"
"20121011","471","99","180","102"
"20121012","606","102","287","219"
"20121013","531","66","201","158"
"20121014","470","62","125","122"
"20121015","608","109","206","180"
"20121016","490","84","132","141"
"20121017","573","85","138","107"
"20121018","502","73","136","102"
"20121019","404","53","101","52"
"20121020","390","57","89","120"
"20121021","354","82","60","109"
"20121022","581","59","185","121"
"20121023","771","78","150","99"
"20121024","732","65","110","111"
"20121025","453","74","121","238"
"20121026","217","44","53","82"
"20121027","271","27","71","68"
"20121028","222","31","52","70"
"20121029","310","35","69","57"
"20121030","397","53","88","63"
"20121031","429","57","85","69"
"20121101","438","44","108","88"
"20121102","379","25","92","93"
"20121103","385","34","66","199"
"20121104","881","72","184","188"
"20121105","762","49","166","112"
"20121106","529","55","132","123"
"20121107","582","39","72","92"
"20121108","318","54","77","78"
"20121109","348","37","85","62"
"20121110","191","30","71","40"
"20121111","293","46","83","72"
"20121112","833","59","117","159"
"20121113","845","65","134","117"
"20121114","1251","115","243","276"
"20121115","1606","94","323","378"
"20121116","2053","179","421","457"
"20121117","2503","263","371","475"
"20121118","2033","187","277","356"
"20121119","1985","170","283","390"
"20121120","2625","263","298","384"
"20121121","2433","301","290","452"
"20121122","1384","184","328","258"
"20121123","1507","191","646","675"
"20121124","1100","117","664","459"
"20121125","1163","126","668","465"
"20121126","1396","154","573","453"
"20121127","1225","129","593","370"
"20121128","1106","130","624","436"
"20121129","806","114","339","228"
"20121130","752","77","325","93"
"20121201","876","101","254","165"
"20121202","655","80","240","163"
"20121203","639","80","282","136"
"20121204","660","68","333","199"
"20121205","1115","127","457","398"
"20121206","1292","138","527","543"
"20121207","1161","114","465","358"
"20121208","2220","267","656","494"
"20121209","662","96","342","176"
"20121210","557","112","244","145"
"20121211","895","105","324","250"
"20121212","778","100","231","210"
"20121213","535","116","200","156"
"20121214","479","79","144","160"
"20121215","584","72","206","150"
"20121216","532","77","171","153"
"20121217","494","87","213","109"
"20121218","468","85","223","100"
"20121219","372","78","143","109"
"20121220","435","100","161","109"
"20121221","383","77","129","237"
"20121222","881","176","251","208"
"20121223","659","106","227","172"
"20121224","445","79","158","116"
"20121225","513","72","151","111"
"20121226","644","86","183","105"
"20121227","605","160","217","102"
"20121228","405","107","142","72"
"20121229","450","52","83","53"
"20121230","482","63","78","81"
"20121231","511","79","129","159"
"20130101","311","48","120","107"
"20130102","485","88","149","104"
"20130103","342","43","87","49"
"20130104","347","39","85","74"
"20130105","389","53","85","62"
"20130106","539","92","89","73"
"20130107","519","68","137","100"
"20130108","575","75","118","101"
"20130109","829","124","133","101"
"20130110","863","107","143","96"
"20130111","575","47","67","85"
"20130112","239","39","32","86"
"20130113","604","181","121","179"
"20130114","571","99","101","139"
"20130115","677","131","209","170"
"20130116","604","145","159","109"
"20130117","515","77","130","79"
"20130118","359","56","99","83"
"20130119","276","80","79","97"
"20130120","100","20","41","33"
"20130121","627","65","161","194"
"20130122","580","72","111","127"
"20130123","274","24","45","50"
"20130124","725","135","214","229"
"20130125","851","109","454","646"
"20130126","484","62","260","421"
"20130127","336","51","114","236"
"20130128","821","82","323","438"
"20130129","808","106","343","361"
"20130130","812","72","211","227"
"20130131","611","94","232","207"
"20130201","566","71","273","276"
"20130202","330","60","195","251"
"20130203","328","54","152","128"
"20130204","617","98","253","245"
"20130205","1533","133","323","190"
"20130206","1370","133","212","245"
"20130207","2558","213","521","397"
"20130208","701","76","229","246"
"20130209","265","36","98","113"
"20130210","533","29","120","134"
"20130211","575","85","217","214"
"20130212","481","101","214","212"
"20130213","471","94","184","179"
"20130214","437","66","163","102"
"20130215","490","44","127","129"
"20130216","45","3","16","18"
"20130217","432","35","110","78"
"20130218","509","59","180","132"
"20130219","457","53","141","108"
"20130220","505","53","98","95"
"20130221","631","69","196","123"
"20130222","576","75","207","93"
"20130223","613","66","303","171"
"20130224","452","50","134","132"
"20130225","548","41","155","93"
"20130226","870","138","260","184"
"20130227","785","109","136","208"
"20130228","592","106","145","136"
"20130301","347","61","147","86"
"20130302","1286","114","271","237"
"20130303","1220","195","253","286"
"20130304","761","118","200","221"
"20130305","575","80","138","184"
"20130306","678","129","182","255"
"20130307","690","125","227","205"
"20130308","505","64","193","134"
"20130309","612","105","223","277"
"20130310","28","6","2","5"
"20130311","454","79","156","130"
"20130312","429","127","162","92"
"20130313","453","99","161","148"
"20130314","619","85","195","169"
"20130315","522","71","189","148"
"20130316","547","103","146","176"
"20130317","660","95","179","158"
"20130318","850","96","193","157"
"20130319","696","133","188","250"
"20130320","615","80","115","145"
"20130321","638","102","174","150"
"20130322","473","74","171","235"
"20130323","936","152","286","340"
"20130324","132","36","80","79"
"20130325","610","96","204","214"
"20130326","665","165","242","273"
"20130327","651","91","196","135"
"20130328","530","123","187","185"
"20130329","406","80","182","262"
"20130330","308","54","136","102"
"20130331","308","72","125","63"
"20130401","202","30","60","55"
"20130402","296","55","155","52"
"20130403","281","51","124","68"
"20130404","240","33","50","38"
"20130405","146","27","47","43"
"20130406","125","25","74","125"
"20130407","319","48","95","164"
"20130408","246","43","79","126"
"20130409","172","53","65","75"
"20130410","510","112","139","125"
"20130411","186","54","39","69"
"20130412","184","34","78","75"
"20130413","204","60","63","87"
"20130414","112","10","60","55"
"20130415","221","57","63","72"
"20130416","170","41","42","91"
"20130417","203","40","41","65"
"20130418","152","29","31","24"
"20130419","179","28","64","78"
"20130420","159","37","61","47"
"20130421","136","51","66","56"
"20130422","218","42","46","25"
"20130423","178","49","41","51"
"20130424","330","46","60","21"
"20130425","155","24","44","20"
"20130426","94","12","9","38"
"20130427","97","16","19","24"
"20130428","177","28","37","16"
"20130429","216","39","53","24"
"20130430","277","42","63","44"
"20130501","86","12","37","30"
"20130502","97","20","42","35"
"20130503","94","17","25","23"
"20130504","134","35","29","25"
"20130505","109","15","50","44"
"20130506","126","14","46","40"
"20130507","190","67","51","25"
"20130508","185","24","37","24"
"20130509","138","22","24","16"
"20130510","156","23","30","54"
"20130511","196","45","55","104"
"20130512","187","35","33","34"
"20130513","159","19","49","59"
"20130514","86","26","29","31"
"20130515","176","34","18","46"
"20130516","209","28","25","80"
"20130517","115","30","45","87"
"20130518","108","30","27","48"
"20130519","123","35","48","46"
"20130520","230","53","48","76"
"20130521","167","34","20","49"
"20130522","230","88","48","65"
"20130523","134","33","24","33"
"20130524","61","23","13","15"
"20130525","115","15","21","8"
"20130526","93","15","22","17"
"20130527","97","14","17","20"
"20130528","138","44","34","25"
"20130529","91","31","29","16"
"20130530","150","20","24","41"
"20130531","128","23","17","39"
"20130601","64","29","21","36"
"20130602","141","18","63","26"
"20130603","175","34","70","111"
"20130604","229","79","128","183"
"20130605","288","51","113","109"
"20130606","183","29","43","38"
"20130607","246","36","81","55"
"20130608","120","18","33","31"
"20130609","100","15","18","32"
"20130610","149","42","45","29"
"20130611","307","49","109","82"
"20130612","168","53","72","46"
"20130613","725","134","250","139"
"20130614","530","88","154","80"
"20130615","505","103","168","199"
"20130616","574","115","223","199"
"20130617","707","106","263","213"
"20130618","920","115","239","218"
"20130619","794","115","310","187"
"20130620","797","184","218","155"
"20130621","828","133","278","189"
"20130622","645","66","164","93"
"20130623","717","156","323","192"
"20130624","818","123","370","231"
"20130625","446","63","215","103"
"20130626","583","78","258","163"
"20130627","1052","209","471","323"
"20130628","1341","165","646","648"
"20130629","1255","137","566","755"
"20130630","1515","213","733","606"
"20130701","1408","294","786","454"
"20130702","3032","640","1416","813"
"20130703","4581","741","1561","1415"
"20130704","4468","593","1471","1406"
"20130705","3264","451","1268","1769"
"20130706","2450","383","916","1288"
"20130707","2293","429","882","901"
"20130708","3375","623","1326","1406"
"20130709","2504","555","1065","1007"
"20130710","2165","470","959","862"
"20130711","1785","417","831","830"
"20130712","1993","377","684","756"
"20130713","1525","354","557","477"
"20130714","1745","317","559","576"
"20130715","2291","284","778","757"
"20130716","2233","305","674","838"
"20130717","2074","264","570","524"
"20130718","1617","198","466","667"
"20130719","1472","232","580","711"
"20130720","1399","180","503","473"
"20130721","1224","205","428","472"
"20130722","1463","291","634","798"
"20130723","1189","207","444","681"
"20130724","1465","248","616","620"
"20130725","1448","292","725","597"
"20130726","1746","389","1004","1016"
"20130727","2504","351","1077","1454"
"20130728","1690","238","705","926"
"20130729","1833","226","721","822"
"20130730","1888","273","580","533"
"20130731","1835","220","520","413"
"20130801","1474","177","487","348"
"20130802","1566","187","602","451"
"20130803","1444","118","497","343"
"20130804","1388","125","433","377"
"20130805","1763","157","456","423"
"20130806","1612","182","382","343"
"20130807","1557","165","552","417"
"20130808","1317","148","440","356"
"20130809","1123","153","409","450"
"20130810","827","158","330","450"
"20130811","855","126","315","532"
"20130812","1053","232","457","533"
"20130813","1198","233","534","847"
"20130814","3400","504","1632","2482"
"20130815","1056","145","584","880"
"20130816","5683","661","1949","2758"
"20130817","3007","405","1173","1762"
"20130818","2942","429","1082","1558"
"20130819","3746","756","1421","2308"
"20130820","3142","662","1272","1876"
"20130821","2579","717","933","1276"
"20130822","3397","705","1017","1302"
"20130823","1616","428","616","824"
"20130824","2043","340","692","901"
"20130825","1314","251","579","708"
"20130826","1380","197","512","598"
"20130827","1228","217","412","492"
"20130828","1008","187","358","419"
"20130829","1197","222","539","579"
"20130830","2103","302","879","1175"
"20130831","743","115","454","629"
"20130901","885","114","255","396"
"20130902","1314","195","530","649"
"20130903","959","141","448","798"
"20130904","1133","188","386","530"
"20130905","1176","152","453","702"
"20130906","1013","140","480","673"
"20130907","980","193","425","738"
"20130908","887","187","336","573"
"20130909","985","118","317","474"
"20130910","800","160","275","464"
"20130911","976","195","320","612"
"20130912","958","157","320","458"
"20130913","799","155","363","591"
"20130914","566","92","215","356"
"20130915","666","83","214","328"
"20130916","1042","143","343","536"
"20130917","852","154","306","561"
"20130918","828","130","252","498"
"20130919","379","51","101","389"
"20130920","698","129","219","587"
"20130921","523","74","142","311"
"20130922","594","97","189","254"
"20130923","821","122","280","455"
"20130924","928","144","259","402"
"20130925","746","139","216","304"
"20130926","659","93","213","234"
"20130927","409","71","133","237"
"20130928","517","108","174","264"
"20130929","356","66","123","192"
"20130930","712","140","268","505"
"20131001","768","117","297","323"
"20131002","910","132","189","336"
"20131003","329","74","85","137"
"20131004","315","61","106","173"
"20131005","639","101","307","486"
"20131006","1323","228","568","846"
"20131007","2944","438","778","1361"
"20131008","914","155","281","631"
"20131009","1421","380","432","799"
"20131010","1059","287","377","709"
"20131011","933","204","376","537"
"20131012","527","102","212","320"
"20131013","543","85","154","429"
"20131014","663","104","186","337"
"20131015","648","81","144","224"
"20131016","441","79","115","158"
"20131017","554","130","173","221"
"20131018","603","124","220","226"
"20131019","633","112","178","257"
"20131020","882","115","199","432"
"20131021","639","82","253","397"
"20131022","934","103","301","412"
"20131023","772","99","241","261"
"20131024","721","99","207","329"
"20131025","491","82","159","220"
"20131026","551","88","187","205"
"20131027","682","99","211","199"
"20131028","761","112","212","381"
"20131029","800","141","244","307"
"20131030","772","142","230","442"
"20131031","866","128","272","378"
"20131101","651","101","259","351"
"20131102","727","104","231","337"
"20131103","1740","128","326","452"
"20131104","1891","147","513","676"
"20131105","838","109","328","376"
"20131106","676","118","225","319"
"20131107","634","84","206","251"
"20131108","538","80","174","205"
"20131109","591","53","153","174"
"20131110","634","96","113","149"
"20131111","796","93","209","186"
"20131112","967","143","252","329"
"20131113","1075","112","287","359"
"20131114","1384","213","289","310"
"20131115","706","89","143","238"
"20131116","488","52","143","174"
"20131117","536","81","106","211"
"20131118","943","122","261","367"
"20131119","904","158","311","447"
"20131120","781","97","260","494"
"20131121","668","94","242","492"
"20131122","581","103","273","511"
"20131123","846","103","404","435"
"20131124","636","87","332","298"
"20131125","685","96","285","237"
"20131126","781","119","360","369"
"20131127","601","116","450","415"
"20131128","789","121","435","478"
"20131129","506","118","426","540"
"20131130","537","105","238","335"
"20131201","273","36","112","156"
"20131202","219","45","64","82"
"20131203","259","38","57","108"
"20131204","281","52","91","97"
